{"cameraMode":{"drawMode":0,"name":"Shaded","section":"Shading Mode"},"sceneLighting":true,"audioPlay":false,"sceneViewState":{"m_AlwaysRefresh":false,"showFog":true,"showSkybox":true,"showFlares":true,"showImageEffects":true,"showParticleSystems":true,"showVisualEffectGraphs":true,"m_FxEnabled":true},"in2DMode":false,"pivot":{"x":-0.5370568037033081,"y":1.1453801393508912,"z":-10.078418731689454},"rotation":{"x":-0.028293782845139505,"y":0.9714831113815308,"z":-0.17678044736385346,"w":-0.15548604726791383},"size":31.470155715942384,"orthographic":true}