{"cameraMode":{"drawMode":0,"name":"Shaded","section":"Shading Mode"},"sceneLighting":true,"audioPlay":false,"sceneViewState":{"m_AlwaysRefresh":false,"showFog":true,"showSkybox":true,"showFlares":true,"showImageEffects":true,"showParticleSystems":true,"showVisualEffectGraphs":true,"m_FxEnabled":true},"in2DMode":false,"pivot":{"x":-24.681617736816408,"y":6.508458137512207,"z":103.82215118408203},"rotation":{"x":-0.03596270829439163,"y":-0.04046269506216049,"z":-0.0014572871150448919,"w":0.998532772064209},"size":73.4086685180664,"orthographic":true}